id,First_Name,Age,Country,Job_Title,Number_of_Children
1,Brian,55,Russia,Business Systems Development Analyst,3
2,Berke,35,Hungary,Internal Auditor,3
3,Marne,35,South Africa,Information Systems Manager,3
4,Adel,32,Portugal,Help Desk Technician,2
5,Reginauld,56,Czech Republic,Administrative Assistant II,3
6,Alexis,57,China,Dental Hygienist,3
7,Natassia,45,France,Product Engineer,3
8,Emily,32,China,Chief Design Engineer,4
9,Ashla,51,Thailand,Accounting Assistant III,3
10,Vitia,40,Canada,Physical Therapy Assistant,5
11,Perice,34,Indonesia,Clinical Specialist,4
12,Cornie,56,Brazil,Compensation Analyst,3
13,Keriann,52,South Africa,Design Engineer,4
14,Malissia,42,Thailand,Help Desk Operator,4
15,Issy,21,Japan,Research Associate,4
16,Nadia,29,Bolivia,Sales Associate,3
17,Jemmie,44,United States,Structural Analysis Engineer,4
18,Andreas,46,Greece,Occupational Therapist,1
19,Megen,48,China,Information Systems Manager,4
20,Cassy,45,Brazil,Teacher,4
21,Abbey,53,China,Health Coach III,3
22,Dido,53,Brazil,Data Coordiator,4
23,Reg,20,Indonesia,Recruiting Manager,3
24,Sargent,56,Czech Republic,Electrical Engineer,4
25,Rhoda,59,Papua New Guinea,Senior Sales Associate,3
26,Adria,56,China,Graphic Designer,4
27,Felice,53,Russia,VP Product Management,5
28,Marcela,37,Greece,Compensation Analyst,3
29,Deborah,22,Sri Lanka,Marketing Assistant,4
30,Graig,56,Indonesia,Data Coordiator,3
31,Pet,31,Portugal,Software Consultant,4
32,Ford,48,United Kingdom,Professor,3
33,Donnajean,41,United States,Analog Circuit Design manager,3
34,Henriette,47,Nigeria,Chief Design Engineer,3
35,Berne,41,China,Systems Administrator I,3
36,Bronnie,56,Indonesia,Research Nurse,3
37,Daron,34,Nigeria,Geological Engineer,2
38,Lezley,22,China,Staff Accountant I,1
39,Etty,24,Indonesia,Health Coach I,4
40,Guy,25,Indonesia,Financial Advisor,4
41,Rickert,46,Japan,Help Desk Technician,2
42,Angelle,34,China,Structural Engineer,1
43,Bette-ann,23,Portugal,Senior Editor,3
44,Barbee,29,China,Librarian,3
45,Cornell,36,Bangladesh,Teacher,2
46,Kaiser,25,Indonesia,Recruiter,4
47,Sileas,53,Egypt,Software Consultant,3
48,Hedwig,53,Japan,Administrative Officer,3
49,Brinna,60,Poland,Nurse Practicioner,5
50,Michaella,52,Philippines,VP Quality Control,4
51,Philis,36,Spain,Account Executive,3
52,Vinny,42,Indonesia,Analyst Programmer,3
53,Rick,46,Indonesia,Web Developer II,4
54,Maure,53,Poland,Assistant Media Planner,2
55,Sapphire,20,China,Programmer II,5
56,Cherey,50,China,Dental Hygienist,3
57,Valli,48,Portugal,Marketing Assistant,2
58,Julianne,44,China,Occupational Therapist,3
59,Silvia,27,China,Computer Systems Analyst I,3
60,Caitrin,45,China,Programmer Analyst IV,2
61,Wolf,57,Brazil,Account Executive,2
62,Carla,48,Mexico,Editor,5
63,Alexandros,24,China,Food Chemist,4
64,Alexei,51,Poland,Sales Associate,5
65,Thomasina,44,Portugal,Senior Quality Engineer,3
66,Hamish,59,Indonesia,Registered Nurse,4
67,Camila,26,China,Information Systems Manager,3
68,Ragnar,26,China,Research Associate,3
69,Celine,33,North Korea,Assistant Manager,2
70,Reagen,30,Uganda,Biostatistician IV,5
71,Rinaldo,32,United States,Software Test Engineer I,3
72,Clemence,55,Serbia,Assistant Professor,2
73,Henry,46,Portugal,Analog Circuit Design manager,2
74,Nicky,32,Thailand,Structural Analysis Engineer,5
75,Daryl,25,China,Nuclear Power Engineer,5
76,Kassie,26,Indonesia,Clinical Specialist,4
77,Olwen,29,Cyprus,Human Resources Manager,4
78,Sarette,37,Chile,Biostatistician IV,3
79,Cullen,50,United States,Food Chemist,4
80,Walden,31,Philippines,Account Representative III,4
81,Sonny,59,Poland,Environmental Tech,4
82,Red,56,Ethiopia,Developer II,4
83,Elisha,22,Yemen,Director of Sales,1
84,Ximenez,39,China,Structural Engineer,3
85,Opaline,44,Indonesia,Product Engineer,2
86,Celle,34,Denmark,Account Coordinator,3
87,Nicky,22,Indonesia,Biostatistician III,4
88,Marabel,23,Japan,Account Representative III,3
89,Moyna,48,Russia,Accountant II,2
90,Zulema,36,Portugal,Nurse Practicioner,2
91,Erie,26,Afghanistan,Account Coordinator,2
92,Lita,54,Greece,Developer III,2
93,Esme,54,China,Chief Design Engineer,3
94,Stan,51,Russia,Teacher,3
95,Dulcea,26,Peru,Statistician III,3
96,Natale,37,Colombia,Senior Sales Associate,3
97,Kathryn,60,Poland,Computer Systems Analyst IV,4
98,Butch,36,Philippines,Graphic Designer,3
99,Sigismond,48,Ukraine,Senior Editor,1
100,Nollie,22,Russia,Chief Design Engineer,4
